{
	"body":
	{
		"type": "f_med_nrw"
	},
	"face":
	{
		"freckles":
		{
			"option": "Freckles1",
			"density": 0.28922867774963379,
			"saturation": 0.5,
			"strength": 0.14760638773441315,
			"toneShift": 0.5
		},
		"accents":
		{
			"scalp":
			{
				"redness": 0,
				"saturation": 0,
				"lightness": 0
			},
			"forehead":
			{
				"redness": 0,
				"saturation": 0,
				"lightness": 0
			},
			"nose":
			{
				"redness": 0,
				"saturation": 0,
				"lightness": 0
			},
			"underEye":
			{
				"redness": 0,
				"saturation": 0,
				"lightness": 0
			},
			"cheeks":
			{
				"redness": 0,
				"saturation": 0.22074460983276367,
				"lightness": 0
			},
			"lips":
			{
				"redness": 0,
				"saturation": 0.18484032154083252,
				"lightness": 0.033244609832763672
			},
			"chin":
			{
				"redness": 0,
				"saturation": 0,
				"lightness": 0
			},
			"ears":
			{
				"redness": 0,
				"saturation": 0,
				"lightness": 0
			}
		},
		"leftEye":
		{
			"iris":
			{
				"option": "008",
				"color1UI":
				{
					"x": 0.4699999988079071,
					"y": 0.38999998569488525
				},
				"color1":
				{
					"r": 0.054480277001857758,
					"g": 0.056128490716218948,
					"b": 0.03433980792760849,
					"a": 1
				},
				"color2UI":
				{
					"x": 0.43999999761581421,
					"y": 0.85000002384185791
				},
				"color2":
				{
					"r": 0.13013647496700287,
					"g": 0.13013647496700287,
					"b": 0.097587347030639648,
					"a": 1
				},
				"bUseRadialBlend": false,
				"colorBalance": 0.56999999284744263,
				"colorBalanceSmoothness": 0.76999998092651367,
				"size": 0.5,
				"saturation": 0.40999999642372131,
				"limbusDarkAmount": 0.2199999988079071
			},
			"sclera":
			{
				"tintUI":
				{
					"x": 0.32709571719169617,
					"y": 0.40666645765304565
				},
				"tint":
				{
					"r": 0.98225057125091553,
					"g": 0.93868571519851685,
					"b": 0.92158186435699463,
					"a": 1
				},
				"brightness": 0.70412236452102661,
				"rotation": 0,
				"vascularity": 0.5,
				"veinsRotation": 0
			}
		},
		"rightEye":
		{
			"iris":
			{
				"option": "008",
				"color1UI":
				{
					"x": 0.4699999988079071,
					"y": 0.38999998569488525
				},
				"color1":
				{
					"r": 0.054480277001857758,
					"g": 0.056128490716218948,
					"b": 0.03433980792760849,
					"a": 1
				},
				"color2UI":
				{
					"x": 0.43999999761581421,
					"y": 0.85000002384185791
				},
				"color2":
				{
					"r": 0.13013647496700287,
					"g": 0.13013647496700287,
					"b": 0.097587347030639648,
					"a": 1
				},
				"bUseRadialBlend": false,
				"colorBalance": 0.56999999284744263,
				"colorBalanceSmoothness": 0.76999998092651367,
				"size": 0.5,
				"saturation": 0.40999999642372131,
				"limbusDarkAmount": 0.2199999988079071
			},
			"sclera":
			{
				"tintUI":
				{
					"x": 0.32709571719169617,
					"y": 0.40666645765304565
				},
				"tint":
				{
					"r": 0.98225057125091553,
					"g": 0.93868571519851685,
					"b": 0.92158186435699463,
					"a": 1
				},
				"brightness": 0.70412236452102661,
				"rotation": 0,
				"vascularity": 0.5,
				"veinsRotation": 0
			}
		},
		"teeth":
		{
			"teethColorUI":
			{
				"x": 0.50673645734786987,
				"y": 0.32833334803581238
			},
			"teethColor":
			{
				"r": 0.63075715303421021,
				"g": 0.46207699179649353,
				"b": 0.27049779891967773,
				"a": 1
			},
			"gumColorUI":
			{
				"x": 0.34999999403953552,
				"y": 0.34999999403953552
			},
			"gumColor":
			{
				"r": 0.39157247543334961,
				"g": 0.078187420964241028,
				"b": 0.064803265035152435,
				"a": 1
			},
			"plaqueColorUI":
			{
				"x": 0.23278434574604034,
				"y": 0.53833335638046265
			},
			"plaqueColor":
			{
				"r": 0.65837478637695312,
				"g": 0.4969329833984375,
				"b": 0.15592646598815918,
				"a": 1
			},
			"plaqueAmount": 0.15359042584896088
		},
		"makeup":
		{
			"foundation":
			{
				"bApplyFoundation": false,
				"color":
				{
					"r": 0.45078599452972412,
					"g": 0.2158609926700592,
					"b": 0.14702700078487396,
					"a": 1
				},
				"intensity": 0.5,
				"roughness": 0.25,
				"concealer": 0
			},
			"eyes":
			{
				"option": "ClassicBar",
				"primaryColor":
				{
					"r": 0.057634640485048294,
					"g": 0.011345753446221352,
					"b": 0.026105562224984169,
					"a": 0
				},
				"secondaryColor":
				{
					"r": 0,
					"g": 0,
					"b": 0,
					"a": 1
				},
				"roughness": 0.5,
				"transparency": 0.58843082189559937,
				"metalness": 0
			},
			"blusher":
			{
				"option": "None",
				"color":
				{
					"r": 0.34509798884391785,
					"g": 0,
					"b": 0,
					"a": 1
				},
				"intensity": 0.40000000596046448,
				"roughness": 0.25
			},
			"lips":
			{
				"option": "Natural",
				"color":
				{
					"r": 0.38323342800140381,
					"g": 0.099537484347820282,
					"b": 0.11283519864082336,
					"a": 1
				},
				"roughness": 0.5,
				"transparency": 0.49468082189559937
			}
		}
	},
	"textureSynthesis":
	{
		"bSkinUnlocked": true,
		"lowFrequency": 0.019946807995438576,
		"highFrequency": 0.21343085169792175,
		"contrast": 0.5,
		"skinToneUI":
		{
			"x": 0.44835320115089417,
			"y": 0.70666664838790894
		},
		"skinTone":
		{
			"r": 0.46207699179649353,
			"g": 0.21952620148658752,
			"b": 0.14995978772640228,
			"a": 1
		}
	},
	"grooms":
	{
		"hair":
		{
			"option": "LongMessy",
			"length": 1,
			"bUseCustomProperties": true,
			"melaninAndRedness":
			{
				"x": 0.7623603343963623,
				"y": 0.31777441501617432
			},
			"roughness": 0.37000000476837158,
			"whiteness": 0,
			"lightness": 0.5,
			"presetOption": "None",
			"bUseDyeColor": false,
			"dyeColor":
			{
				"r": 0.32156899571418762,
				"g": 0,
				"b": 0.69019597768783569,
				"a": 1
			},
			"bUseRegions": false,
			"regionsUV":
			{
				"x": 0.28189998865127563,
				"y": 0.25
			},
			"bUseRegionsColor": false,
			"regionsColor":
			{
				"r": 1,
				"g": 1,
				"b": 1,
				"a": 1
			},
			"regionsPresetOption": "None",
			"bUseOmbre": false,
			"ombreUV":
			{
				"x": 0.28189998865127563,
				"y": 0.25
			},
			"bUseOmbreColor": false,
			"ombreColor":
			{
				"r": 1,
				"g": 1,
				"b": 1,
				"a": 1
			},
			"ombreShift": 0.5,
			"ombreContrast": 0,
			"ombreIntensity": 1,
			"ombrePresetOption": "None",
			"bUseHighlights": false,
			"highlightsUV":
			{
				"x": 0.28189998865127563,
				"y": 0.25
			},
			"bUseHighlightsColor": false,
			"highlightsColor":
			{
				"r": 1,
				"g": 1,
				"b": 1,
				"a": 1
			},
			"highlightsBlending": 0.5,
			"highlightsIntensity": 0.5,
			"highlightsVariation": 0,
			"highlightsPresetOption": "None",
			"eyebrowsShading": 1,
			"eyebrowsMicroblading": 1,
			"bUseMaskModulation": false,
			"maskModulationOption": "None"
		},
		"eyebrows":
		{
			"option": "MediumThickEyebrows",
			"length": 1,
			"bUseCustomProperties": true,
			"melaninAndRedness":
			{
				"x": 1,
				"y": 0.47530487179756165
			},
			"roughness": 0.25,
			"whiteness": 0,
			"lightness": 0.5,
			"presetOption": "None",
			"bUseDyeColor": false,
			"dyeColor":
			{
				"r": 0.32156899571418762,
				"g": 0,
				"b": 0.69019597768783569,
				"a": 1
			},
			"bUseRegions": false,
			"regionsUV":
			{
				"x": 0.28189998865127563,
				"y": 0.25
			},
			"bUseRegionsColor": false,
			"regionsColor":
			{
				"r": 1,
				"g": 1,
				"b": 1,
				"a": 1
			},
			"regionsPresetOption": "None",
			"bUseOmbre": false,
			"ombreUV":
			{
				"x": 0.28189998865127563,
				"y": 0.25
			},
			"bUseOmbreColor": false,
			"ombreColor":
			{
				"r": 1,
				"g": 1,
				"b": 1,
				"a": 1
			},
			"ombreShift": 0.5,
			"ombreContrast": 0,
			"ombreIntensity": 1,
			"ombrePresetOption": "None",
			"bUseHighlights": false,
			"highlightsUV":
			{
				"x": 0.28189998865127563,
				"y": 0.25
			},
			"bUseHighlightsColor": false,
			"highlightsColor":
			{
				"r": 1,
				"g": 1,
				"b": 1,
				"a": 1
			},
			"highlightsBlending": 0.5,
			"highlightsIntensity": 0.5,
			"highlightsVariation": 0,
			"highlightsPresetOption": "None",
			"eyebrowsShading": 1,