{
	"body":
	{
		"type": "m_med_nrw"
	},
	"face":
	{
		"freckles":
		{
			"option": "Freckles2",
			"density": 0.15646646916866302,
			"saturation": 0.5,
			"strength": 0.2775389552116394,
			"toneShift": 0.5
		},
		"accents":
		{
			"scalp":
			{
				"redness": 0,
				"saturation": 0,
				"lightness": 0
			},
			"forehead":
			{
				"redness": 0,
				"saturation": 0,
				"lightness": 0
			},
			"nose":
			{
				"redness": 0,
				"saturation": 0,
				"lightness": 0
			},
			"underEye":
			{
				"redness": 0,
				"saturation": 0,
				"lightness": 0
			},
			"cheeks":
			{
				"redness": 0,
				"saturation": 0,
				"lightness": 0
			},
			"lips":
			{
				"redness": 0,
				"saturation": -0.32571744918823242,
				"lightness": 0.14979302883148193
			},
			"chin":
			{
				"redness": 0,
				"saturation": 0,
				"lightness": 0
			},
			"ears":
			{
				"redness": 0,
				"saturation": 0,
				"lightness": 0
			}
		},
		"leftEye":
		{
			"iris":
			{
				"option": "001",
				"color1UI":
				{
					"x": 0.73000001907348633,
					"y": 0.41999998688697815
				},
				"color1":
				{
					"r": 0.090841710567474365,
					"g": 0.051269456744194031,
					"b": 0.021219009533524513,
					"a": 1
				},
				"color2UI":
				{
					"x": 0.73000001907348633,
					"y": 0.75
				},
				"color2":
				{
					"r": 0.16513219475746155,
					"g": 0.097587347030639648,
					"b": 0.048171821981668472,
					"a": 1
				},
				"bUseRadialBlend": false,
				"colorBalance": 0.57999998331069946,
				"colorBalanceSmoothness": 0.37999999523162842,
				"size": 0.5,
				"saturation": 0.64999997615814209,
				"limbusDarkAmount": 0.62000000476837158
			},
			"sclera":
			{
				"tintUI":
				{
					"x": 0.50224542617797852,
					"y": 0.59166646003723145
				},
				"tint":
				{
					"r": 0.96468621492385864,
					"g": 0.87136709690093994,
					"b": 0.80695223808288574,
					"a": 1
				},
				"brightness": 0.55252653360366821,
				"rotation": 0,
				"vascularity": 0.5,
				"veinsRotation": 0
			}
		},
		"rightEye":
		{
			"iris":
			{
				"option": "001",
				"color1UI":
				{
					"x": 0.73000001907348633,
					"y": 0.41999998688697815
				},
				"color1":
				{
					"r": 0.090841710567474365,
					"g": 0.051269456744194031,
					"b": 0.021219009533524513,
					"a": 1
				},
				"color2UI":
				{
					"x": 0.73000001907348633,
					"y": 0.75
				},
				"color2":
				{
					"r": 0.16513219475746155,
					"g": 0.097587347030639648,
					"b": 0.048171821981668472,
					"a": 1
				},
				"bUseRadialBlend": false,
				"colorBalance": 0.57999998331069946,
				"colorBalanceSmoothness": 0.37999999523162842,
				"size": 0.5,
				"saturation": 0.64999997615814209,
				"limbusDarkAmount": 0.62000000476837158
			},
			"sclera":
			{
				"tintUI":
				{
					"x": 0.50224542617797852,
					"y": 0.59166646003723145
				},
				"tint":
				{
					"r": 0.96468621492385864,
					"g": 0.87136709690093994,
					"b": 0.80695223808288574,
					"a": 1
				},
				"brightness": 0.55252653360366821,
				"rotation": 0,
				"vascularity": 0.5,
				"veinsRotation": 0
			}
		},
		"teeth":
		{
			"teethColorUI":
			{
				"x": 0.34999999403953552,
				"y": 0.34999999403953552
			},
			"teethColor":
			{
				"r": 0.67954248189926147,
				"g": 0.52099555730819702,
				"b": 0.33716362714767456,
				"a": 1
			},
			"gumColorUI":
			{
				"x": 0.34999999403953552,
				"y": 0.34999999403953552
			},
			"gumColor":
			{
				"r": 0.39157247543334961,
				"g": 0.078187420964241028,
				"b": 0.064803265035152435,
				"a": 1
			},
			"plaqueColorUI":
			{
				"x": 0.34999999403953552,
				"y": 0.34999999403953552
			},
			"plaqueColor":
			{
				"r": 0.60382735729217529,
				"g": 0.41788506507873535,
				"b": 0.11443537473678589,
				"a": 1
			},
			"plaqueAmount": 0.11999999731779099
		},
		"makeup":
		{
			"foundation":
			{
				"bApplyFoundation": false,
				"color":
				{
					"r": 0.46207699179649353,
					"g": 0.19461800158023834,
					"b": 0.12213899940252304,
					"a": 1
				},
				"intensity": 0.5,
				"roughness": 0.25,
				"concealer": 0
			},
			"eyes":
			{
				"option": "PandaSmudge",
				"primaryColor":
				{
					"r": 0,
					"g": 0,
					"b": 0,
					"a": 0
				},
				"secondaryColor":
				{
					"r": 0,
					"g": 0,
					"b": 0,
					"a": 1
				},
				"roughness": 0.46958494186401367,
				"transparency": 1,
				"metalness": 0
			},
			"blusher":
			{
				"option": "None",
				"color":
				{
					"r": 0.34509798884391785,
					"g": 0,
					"b": 0,
					"a": 1
				},
				"intensity": 0.40000000596046448,
				"roughness": 0.25
			},
			"lips":
			{
				"option": "None",
				"color":
				{
					"r": 0.25520798563957214,
					"g": 0.010634000413119793,
					"b": 0.022097999230027199,
					"a": 1
				},
				"roughness": 0.5,
				"transparency": 0
			}
		}
	},
	"textureSynthesis":
	{
		"bSkinUnlocked": true,
		"lowFrequency": 0.019946807995438576,
		"highFrequency": 0.48470741510391235,
		"contrast": 0.5,
		"skinToneUI":
		{
			"x": 0.45503747463226318,
			"y": 0.35027119517326355
		},
		"skinTone":
		{
			"r": 0.45641103386878967,
			"g": 0.19461782276630402,
			"b": 0.12213876843452454,
			"a": 1
		}
	},
	"grooms":
	{
		"hair":
		{
			"option": "ShortBuzzCut",
			"length": 1,
			"bUseCustomProperties": true,
			"melaninAndRedness":
			{
				"x": 0.56736514418424966,
				"y": 0.20666649897893269
			},
			"roughness": 0.35305848717689514,
			"whiteness": 0.022869231179356575,
			"lightness": 0.5,
			"presetOption": "None",
			"bUseDyeColor": false,
			"dyeColor":
			{
				"r": 0.32156899571418762,
				"g": 0,
				"b": 0.69019597768783569,
				"a": 1
			},
			"bUseRegions": false,
			"regionsUV":
			{
				"x": 0.28189998865127563,
				"y": 0.25
			},
			"bUseRegionsColor": false,
			"regionsColor":
			{
				"r": 1,
				"g": 1,
				"b": 1,
				"a": 1
			},
			"regionsPresetOption": "None",
			"bUseOmbre": false,
			"ombreUV":
			{
				"x": 0.28189998865127563,
				"y": 0.25
			},
			"bUseOmbreColor": false,
			"ombreColor":
			{
				"r": 1,
				"g": 1,
				"b": 1,
				"a": 1
			},
			"ombreShift": 0.5,
			"ombreContrast": 0,
			"ombreIntensity": 1,
			"ombrePresetOption": "None",
			"bUseHighlights": false,
			"highlightsUV":
			{
				"x": 0.28189998865127563,
				"y": 0.25
			},
			"bUseHighlightsColor": false,
			"highlightsColor":
			{
				"r": 1,
				"g": 1,
				"b": 1,
				"a": 1
			},
			"highlightsBlending": 0.5,
			"highlightsIntensity": 0.5,
			"highlightsVariation": 0,
			"highlightsPresetOption": "None",
			"eyebrowsShading": 1,
			"eyebrowsMicroblading": 1,
			"bUseMaskModulation": false,
			"maskModulationOption": "None"
		},
		"eyebrows":
		{
			"option": "EyebrowsMediumWide",
			"length": 1,
			"bUseCustomProperties": true,
			"melaninAndRedness":
			{
				"x": 0.75741267204284668,
				"y": 0.35278120636940002
			},
			"roughness": 0.31515952944755554,
			"whiteness": 0,
			"lightness": 0.5,
			"presetOption": "None",
			"bUseDyeColor": false,
			"dyeColor":
			{
				"r": 0.32156899571418762,
				"g": 0,
				"b": 0.69019597768783569,
				"a": 1
			},
			"bUseRegions": false,
			"regionsUV":
			{
				"x": 0.28189998865127563,
				"y": 0.25
			},
			"bUseRegionsColor": false,
			"regionsColor":
			{
				"r": 1,
				"g": 1,
				"b": 1,
				"a": 1
			},
			"regionsPresetOption": "None",
			"bUseOmbre": false,
			"ombreUV":
			{
				"x": 0.28189998865127563,
				"y": 0.25
			},
			"bUseOmbreColor": false,
			"ombreColor":
			{
				"r": 1,
				"g": 1,
				"b": 1,
				"a": 1
			},
			"ombreShift": 0.5,
			"ombreContrast": 0,
			"ombreIntensity": 1,
			"ombrePresetOption": "None",
			"bUseHighlights": false,
			"highlightsUV":
			{
				"x": 0.28189998865127563,
				"y": 0.25
			},
			"bUseHighlightsColor": false,
			"highlightsColor":
			{
				"r": 1,
				"g": 1,
				"b": 1,
				"a": 1
			},
			"highlightsBlending": 0.5,
			"highlightsIntensity": 0.5,
			"highlightsVariation": 0,
			"highlightsPresetOption": "None",
			"eyebrowsShading": 1,
			"eyebrowsMicroblading": 1,
			"bUseMaskModulation": false,